{"start": 1619701405.0809095, "announcementReceived": 1619701514.0265172, "BidIPsent": 1619701514.0265503, "winnerDomainReceived": 1619701517.008126, "deployFedService": 1619701517.01991, "untrusty_info_get": 1619701517.025496, "net_deploy": 1619701517.04612, "net_add": 1619701517.0464003, "container_deploy": 1619701518.0778048, "on_board_ap2.json": 1619701519.102001, "configure_ap2.json": 1619701519.6050637, "start_ap2.json": 1619701520.4940798, "info_ap2.json": 1619701522.7000206, "fedServiceRunning": 1619701522.7407086, "end": 1619701522.7629194}