{"start": 1619701705.8351674, "announcementReceived": 1619701784.0293176, "BidIPsent": 1619701784.0293486, "winnerDomainReceived": 1619701788.699306, "deployFedService": 1619701788.7102857, "untrusty_info_get": 1619701788.7158136, "net_deploy": 1619701788.7369893, "net_add": 1619701788.7372503, "container_deploy": 1619701789.763762, "on_board_ap2.json": 1619701790.7891114, "configure_ap2.json": 1619701791.080493, "start_ap2.json": 1619701791.9741886, "info_ap2.json": 1619701794.1017506, "fedServiceRunning": 1619701794.1308975, "end": 1619701794.1555724}