{"start": 1619702042.0149505, "announcementReceived": 1619702089.0341697, "BidIPsent": 1619702089.034199, "winnerDomainReceived": 1619702093.0081568, "deployFedService": 1619702093.0190253, "untrusty_info_get": 1619702093.0251164, "net_deploy": 1619702093.0437546, "net_add": 1619702093.0440435, "container_deploy": 1619702094.0731516, "on_board_ap2.json": 1619702095.0989826, "configure_ap2.json": 1619702095.3954132, "start_ap2.json": 1619702096.303619, "info_ap2.json": 1619702098.470161, "fedServiceRunning": 1619702098.4988956, "end": 1619702098.5228162}