{"start": 1619702252.3536696, "announcementReceived": 1619702285.0253801, "BidIPsent": 1619702285.0254116, "winnerDomainReceived": 1619702289.0223773, "deployFedService": 1619702289.0338123, "untrusty_info_get": 1619702289.039738, "net_deploy": 1619702289.060042, "net_add": 1619702289.0602324, "container_deploy": 1619702290.0950482, "on_board_ap2.json": 1619702291.120981, "configure_ap2.json": 1619702291.4248009, "start_ap2.json": 1619702292.4165533, "info_ap2.json": 1619702294.612315, "fedServiceRunning": 1619702294.6584492, "end": 1619702294.6892095}