{"start": 1619702447.3388257, "announcementReceived": 1619702483.0228515, "BidIPsent": 1619702483.0228922, "winnerDomainReceived": 1619702486.0086725, "deployFedService": 1619702486.0207276, "untrusty_info_get": 1619702486.0261755, "net_deploy": 1619702486.0449252, "net_add": 1619702486.0451121, "container_deploy": 1619702487.0794845, "on_board_ap2.json": 1619702488.1054444, "configure_ap2.json": 1619702488.4325867, "start_ap2.json": 1619702489.3228862, "info_ap2.json": 1619702491.460577, "fedServiceRunning": 1619702491.4889982, "end": 1619702491.5130198}