{"start": 1619702642.4570863, "announcementReceived": 1619702678.0263777, "BidIPsent": 1619702678.026409, "winnerDomainReceived": 1619702681.010697, "deployFedService": 1619702681.0218847, "untrusty_info_get": 1619702681.0264215, "net_deploy": 1619702681.0446267, "net_add": 1619702681.0448146, "container_deploy": 1619702682.0775294, "on_board_ap2.json": 1619702683.1019268, "configure_ap2.json": 1619702683.4454231, "start_ap2.json": 1619702684.3414743, "info_ap2.json": 1619702686.4835649, "fedServiceRunning": 1619702686.511471, "end": 1619702686.5348866}