{"start": 1619535578.4168053, "announcementReceived": 1619535652.661463, "BidIPsent": 1619535652.6615074, "winnerDomainReceived": 1619535656.0482135, "deployFedService": 1619535656.0590603, "untrusty_info_get": 1619535656.0651345, "net_deploy": 1619535656.0835273, "net_add": 1619535656.0837388, "container_deploy": 1619535657.1236637, "on_board_ap2.json": 1619535658.1492426, "configure_ap2.json": 1619535658.5265994, "start_ap2.json": 1619535659.4686816, "info_ap2.json": 1619535661.6250713, "fedServiceRunning": 1619535661.6626408, "end": 1619535661.6889343}