{"start": 1619536172.0960171, "announcementReceived": 1619536293.0442474, "BidIPsent": 1619536293.0442822, "winnerDomainReceived": 1619536296.028836, "deployFedService": 1619536296.0393183, "untrusty_info_get": 1619536296.0447512, "net_deploy": 1619536296.0671353, "net_add": 1619536296.067396, "container_deploy": 1619536297.1098495, "on_board_ap2.json": 1619536298.13313, "configure_ap2.json": 1619536298.4939427, "start_ap2.json": 1619536299.4589293, "info_ap2.json": 1619536301.6374853, "fedServiceRunning": 1619536301.6707904, "end": 1619536301.6921947}