{"start": 1619536478.004894, "announcementReceived": 1619536532.0537827, "BidIPsent": 1619536532.0538104, "winnerDomainReceived": 1619536536.0300338, "deployFedService": 1619536536.041818, "untrusty_info_get": 1619536536.047369, "net_deploy": 1619536536.0717294, "net_add": 1619536536.0719962, "container_deploy": 1619536537.1136239, "on_board_ap2.json": 1619536538.1402924, "configure_ap2.json": 1619536538.5527527, "start_ap2.json": 1619536539.5605898, "info_ap2.json": 1619536541.690044, "fedServiceRunning": 1619536541.722631, "end": 1619536541.7486691}