{"start": 1619703270.137382, "announcementReceived": 1619703351.8519695, "BidIPsent": 1619703351.852, "winnerDomainReceived": 1619703377.4660096, "deployFedService": 1619703377.5001204, "untrusty_info_get": 1619703377.5253415, "net_deploy": 1619703377.5506477, "net_add": 1619703377.5509114, "container_deploy": 1619703378.593212, "on_board_ap2.json": 1619703379.6177032, "configure_ap2.json": 1619703380.0011978, "start_ap2.json": 1619703380.9995902, "info_ap2.json": 1619703383.1247938, "fedServiceRunning": 1619703383.1541693, "end": 1619703383.2310045}