{"start": 1619705503.0752056, "announcementReceived": 1619705538.8065817, "BidIPsent": 1619705538.8066125, "winnerDomainReceived": 1619705554.484414, "deployFedService": 1619705554.506522, "untrusty_info_get": 1619705554.5190861, "net_deploy": 1619705554.5371592, "net_add": 1619705554.5373657, "container_deploy": 1619705555.5673876, "on_board_ap2.json": 1619705556.5931256, "configure_ap2.json": 1619705557.0968883, "start_ap2.json": 1619705557.998192, "info_ap2.json": 1619705560.1343608, "fedServiceRunning": 1619705560.1629388, "end": 1619705560.232741}