{"start": 1619705691.6597714, "announcementReceived": 1619705728.5790825, "BidIPsent": 1619705728.5791137, "winnerDomainReceived": 1619705751.7072978, "deployFedService": 1619705751.7511342, "untrusty_info_get": 1619705751.7772303, "net_deploy": 1619705751.7972324, "net_add": 1619705751.7974565, "container_deploy": 1619705752.8289065, "on_board_ap2.json": 1619705753.8556705, "configure_ap2.json": 1619705754.1667502, "start_ap2.json": 1619705755.1003425, "info_ap2.json": 1619705757.192309, "fedServiceRunning": 1619705757.221357, "end": 1619705757.297009}