{"start": 1619705860.2323246, "announcementReceived": 1619705887.2634, "BidIPsent": 1619705887.2634327, "winnerDomainReceived": 1619705911.5806658, "deployFedService": 1619705911.6197739, "untrusty_info_get": 1619705911.6447575, "net_deploy": 1619705911.6715136, "net_add": 1619705911.671776, "container_deploy": 1619705912.7036052, "on_board_ap2.json": 1619705913.7293618, "configure_ap2.json": 1619705914.0392148, "start_ap2.json": 1619705914.9838817, "info_ap2.json": 1619705917.1595683, "fedServiceRunning": 1619705917.1891196, "end": 1619705917.310003}