{"start": 1619706048.7965493, "announcementReceived": 1619706084.8401458, "BidIPsent": 1619706084.8401773, "winnerDomainReceived": 1619706096.7637277, "deployFedService": 1619706096.8040407, "untrusty_info_get": 1619706096.8290102, "net_deploy": 1619706096.8505025, "net_add": 1619706096.8507266, "container_deploy": 1619706097.8881066, "on_board_ap2.json": 1619706098.9133725, "configure_ap2.json": 1619706099.2261097, "start_ap2.json": 1619706100.1353111, "info_ap2.json": 1619706102.3163476, "fedServiceRunning": 1619706102.3437412, "end": 1619706102.4223986}