{"start": 1619706380.1777818, "announcementReceived": 1619706411.9009655, "BidIPsent": 1619706411.900997, "winnerDomainReceived": 1619706415.287634, "deployFedService": 1619706415.3087778, "untrusty_info_get": 1619706415.3214352, "net_deploy": 1619706415.3423164, "net_add": 1619706415.3425293, "container_deploy": 1619706416.381009, "on_board_ap2.json": 1619706417.406369, "configure_ap2.json": 1619706417.720407, "start_ap2.json": 1619706418.6580646, "info_ap2.json": 1619706420.8299558, "fedServiceRunning": 1619706420.8650103, "end": 1619706420.9988847}