{"start": 1619707060.1555176, "announcementReceived": 1619707088.050831, "BidIPsent": 1619707088.0508616, "winnerDomainReceived": 1619707102.9118407, "deployFedService": 1619707102.9547544, "untrusty_info_get": 1619707102.9796793, "net_deploy": 1619707103.0011213, "net_add": 1619707103.0013564, "container_deploy": 1619707104.0437627, "on_board_ap2.json": 1619707105.0691156, "configure_ap2.json": 1619707105.3937001, "start_ap2.json": 1619707106.3396955, "info_ap2.json": 1619707108.5199728, "fedServiceRunning": 1619707108.5683458, "end": 1619707108.6668894}