{"start": 1619707433.4843893, "announcementReceived": 1619707483.0072217, "BidIPsent": 1619707483.0072544, "winnerDomainReceived": 1619707499.108259, "deployFedService": 1619707499.1511858, "untrusty_info_get": 1619707499.176027, "net_deploy": 1619707499.1989622, "net_add": 1619707499.1992548, "container_deploy": 1619707500.2438717, "on_board_ap2.json": 1619707501.269141, "configure_ap2.json": 1619707501.6524806, "start_ap2.json": 1619707502.5972593, "info_ap2.json": 1619707504.7822316, "fedServiceRunning": 1619707504.8110967, "end": 1619707504.8970232}