{"start": 1619707704.5720835, "announcementReceived": 1619707787.7177298, "BidIPsent": 1619707787.71776, "winnerDomainReceived": 1619707795.8831425, "deployFedService": 1619707795.906042, "untrusty_info_get": 1619707795.9183755, "net_deploy": 1619707795.9399533, "net_add": 1619707795.9401455, "container_deploy": 1619707796.9785013, "on_board_ap2.json": 1619707798.0021875, "configure_ap2.json": 1619707798.351388, "start_ap2.json": 1619707799.3129122, "info_ap2.json": 1619707801.4941118, "fedServiceRunning": 1619707801.542128, "end": 1619707801.6739326}