{"start": 1620224934.8556905, "announcementReceived": 1620224964.8428936, "BidIPsent": 1620224968.6610472, "winnerDomainReceived": 1620224976.760716, "deployFedService": 1620224976.7607703, "net_deploy": 1620224976.7772315, "net_add": 1620224976.7775338, "container_deploy": 1620224977.807474, "on_board_ap2.json": 1620224978.8357592, "configure_ap2.json": 1620224979.1274722, "start_ap2.json": 1620224980.009364, "info_ap2.json": 1620224982.2561429, "fedServiceRunning": 1620224982.2842875, "end": 1620224985.640778}