{"start": 1620225114.026664, "announcementReceived": 1620225141.0036433, "BidIPsent": 1620225143.880711, "winnerDomainReceived": 1620225148.3226864, "deployFedService": 1620225148.3227396, "net_deploy": 1620225148.3408635, "net_add": 1620225148.3411791, "container_deploy": 1620225149.3747218, "on_board_ap2.json": 1620225150.4012492, "configure_ap2.json": 1620225150.7012222, "start_ap2.json": 1620225151.5932589, "info_ap2.json": 1620225153.8274224, "fedServiceRunning": 1620225153.8699172, "end": 1620225157.7574308}