{"start": 1620225305.1968448, "announcementReceived": 1620225336.2070308, "BidIPsent": 1620225340.573739, "winnerDomainReceived": 1620225349.3909485, "deployFedService": 1620225349.3910043, "net_deploy": 1620225349.4088182, "net_add": 1620225349.4091244, "container_deploy": 1620225350.4385753, "on_board_ap2.json": 1620225351.4649792, "configure_ap2.json": 1620225351.822031, "start_ap2.json": 1620225352.7187197, "info_ap2.json": 1620225354.9689984, "fedServiceRunning": 1620225354.9969082, "end": 1620225358.525554}