{"start": 1619707204.8714242, "announcementReceived": 1619707240.5951672, "BidIPsent": 1619707240.595197, "winnerDomainReceived": 1619707255.4952621, "deployFedService": 1619707255.5350769, "untrusty_info_get": 1619707255.5599725, "net_deploy": 1619707255.5838625, "net_add": 1619707255.5841396, "container_deploy": 1619707256.6310437, "on_board_ap2.json": 1619707257.656943, "configure_ap2.json": 1619707257.9942307, "start_ap2.json": 1619707258.9638202, "info_ap2.json": 1619707261.1517553, "fedServiceRunning": 1619707261.1867464, "end": 1619707261.2891161}