{"start": 1620226357.3413427, "announcementReceived": 1620226379.0784996, "BidIPsent": 1620226381.6332374, "winnerDomainReceived": 1620226387.6621084, "deployFedService": 1620226387.6621706, "net_deploy": 1620226387.6805224, "net_add": 1620226387.6808424, "container_deploy": 1620226388.7226148, "on_board_ap2.json": 1620226389.749074, "configure_ap2.json": 1620226390.092019, "start_ap2.json": 1620226391.0419717, "info_ap2.json": 1620226393.3706245, "fedServiceRunning": 1620226393.4834232, "end": 1620226398.2314425}