{"start": 1620230533.8499386, "announcementReceived": 1620230610.9645112, "BidIPsent": 1620230614.012878, "winnerDomainReceived": 1620230621.6713839, "deployFedService": 1620230621.6714337, "net_deploy": 1620230621.6888747, "net_add": 1620230621.6891701, "container_deploy": 1620230622.7200649, "on_board_ap2.json": 1620230623.7455864, "configure_ap2.json": 1620230624.0758085, "start_ap2.json": 1620230624.9506555, "info_ap2.json": 1620230627.2290645, "fedServiceRunning": 1620230627.2753363, "end": 1620230630.0403733}