{"start": 1620230924.3619916, "announcementReceived": 1620230958.5699484, "BidIPsent": 1620230966.0923502, "winnerDomainReceived": 1620230975.5552619, "deployFedService": 1620230975.55532, "net_deploy": 1620230975.5738544, "net_add": 1620230975.5741491, "container_deploy": 1620230976.6039965, "on_board_ap2.json": 1620230977.632031, "configure_ap2.json": 1620230977.924277, "start_ap2.json": 1620230978.8046727, "info_ap2.json": 1620230981.0600836, "fedServiceRunning": 1620230981.0913854, "end": 1620230984.4089823}