{"start": 1620231078.8390915, "announcementReceived": 1620231107.8804183, "BidIPsent": 1620231111.765017, "winnerDomainReceived": 1620231119.5617523, "deployFedService": 1620231119.561802, "net_deploy": 1620231119.5818958, "net_add": 1620231119.5822122, "container_deploy": 1620231120.6205962, "on_board_ap2.json": 1620231121.6460965, "configure_ap2.json": 1620231121.9445927, "start_ap2.json": 1620231122.8992083, "info_ap2.json": 1620231125.241514, "fedServiceRunning": 1620231125.2925088, "end": 1620231128.545096}