{"start": 1620231213.5212827, "announcementReceived": 1620231243.8505938, "BidIPsent": 1620231246.5120087, "winnerDomainReceived": 1620231252.6419137, "deployFedService": 1620231252.641977, "net_deploy": 1620231252.6601562, "net_add": 1620231252.6604567, "container_deploy": 1620231253.6950731, "on_board_ap2.json": 1620231254.721479, "configure_ap2.json": 1620231255.038297, "start_ap2.json": 1620231256.0825648, "info_ap2.json": 1620231258.3173933, "fedServiceRunning": 1620231258.355521, "end": 1620231261.340034}