{"start": 1620231342.4897358, "announcementReceived": 1620231370.9824326, "BidIPsent": 1620231374.3035235, "winnerDomainReceived": 1620231380.3448546, "deployFedService": 1620231380.344916, "net_deploy": 1620231380.3632855, "net_add": 1620231380.363587, "container_deploy": 1620231381.4039278, "on_board_ap2.json": 1620231382.4270673, "configure_ap2.json": 1620231382.7959292, "start_ap2.json": 1620231383.7609754, "info_ap2.json": 1620231385.9985285, "fedServiceRunning": 1620231386.0748644, "end": 1620231388.7251835}