{"start": 1620231532.3211696, "announcementReceived1": 1620231575.223469, "BidIPsent": 1620231576.9528992, "winnerDomainReceived": 1620231580.906969, "end": 1620231580.9122112}