{"start": 1620231683.64882, "announcementReceived0": 1620231710.8264387, "BidIPsent": 1620231712.6730747, "winnerDomainReceived": 1620231716.8351443, "end": 1620231716.840512}