{"start": 1620231810.4765937, "announcementReceived1": 1620231836.150316, "BidIPsent": 1620231837.7847216, "winnerDomainReceived": 1620231841.601498, "end": 1620231841.6084886}