{"start": 1620231940.6618936, "announcementReceived0": 1620231997.1995854, "BidIPsent": 1620231999.1754222, "winnerDomainReceived": 1620232003.0174794, "end": 1620232003.0227737}