{"start": 1620232123.6485164, "announcementReceived1": 1620232151.8900683, "BidIPsent": 1620232153.6921213, "winnerDomainReceived": 1620232158.0429432, "end": 1620232158.04849}