{"start": 1620232266.7332463, "announcementReceived0": 1620232288.8906243, "BidIPsent": 1620232290.6613772, "winnerDomainReceived": 1620232294.6273172, "end": 1620232294.6328366}