{"start": 1620232418.9226255, "announcementReceived1": 1620232442.6169553, "BidIPsent": 1620232444.3331504, "winnerDomainReceived": 1620232448.4370484, "end": 1620232448.4425702}