{"start": 1620232543.1547143, "announcementReceived0": 1620232573.3727963, "BidIPsent": 1620232574.8175402, "winnerDomainReceived": 1620232578.9448752, "end": 1620232578.949939}