{"start": 1620232665.156929, "announcementReceived1": 1620232685.767172, "BidIPsent": 1620232687.4641097, "winnerDomainReceived": 1620232691.5020819, "end": 1620232691.508072}