{"start": 1620232778.3651679, "announcementReceived0": 1620232797.9281635, "BidIPsent": 1620232799.6566234, "winnerDomainReceived": 1620232805.2463655, "end": 1620232805.251925}