{"start": 1620224933.02185, "announcementReceived": 1620224965.5504024, "BidIPsent": 1620224975.7439187, "winnerDomainReceived": 1620224978.27878, "end": 1620224978.27885}