{"start": 1620225309.4813452, "announcementReceived": 1620225337.1395204, "BidIPsent": 1620225342.385047, "winnerDomainReceived": 1620225350.2105756, "end": 1620225350.2106748}