{"start": 1620225662.0049014, "announcementReceived": 1620225709.3193092, "BidIPsent": 1620225716.0087097, "winnerDomainReceived": 1620225718.5770562, "end": 1620225718.5771515}