{"start": 1620230537.439542, "announcementReceived": 1620230611.3435602, "BidIPsent": 1620230613.9051135, "winnerDomainReceived": 1620230621.3740604, "end": 1620230621.374157}