{"start": 1620230926.3562841, "announcementReceived": 1620230959.2085314, "BidIPsent": 1620230965.4455297, "winnerDomainReceived": 1620230974.9857144, "end": 1620230974.9858053}