{"start": 1620231077.0133462, "announcementReceived": 1620231107.9995527, "BidIPsent": 1620231111.684878, "winnerDomainReceived": 1620231119.3646393, "end": 1620231119.36473}