{"start": 1620231215.5068274, "announcementReceived": 1620231244.7279158, "BidIPsent": 1620231251.670358, "winnerDomainReceived": 1620231254.2501624, "end": 1620231254.2502367}