{"start": 1620231344.5183024, "announcementReceived": 1620231369.7412903, "BidIPsent": 1620231372.3053887, "winnerDomainReceived": 1620231380.3098247, "end": 1620231380.309899}