{"start": 1619703305.3233898, "announcementReceived": 1619703351.8870797, "BidIPsent": 1619703355.8878927, "winnerDomainReceived": 1619703377.4834454, "end": 1619703377.5233777}