{"start": 1619705505.0328438, "announcementReceived": 1619705538.829609, "BidIPsent": 1619705546.8377104, "winnerDomainReceived": 1619705554.5139792, "end": 1619705554.5482244}