{"start": 1619705694.6407928, "announcementReceived": 1619705728.576335, "BidIPsent": 1619705736.584425, "winnerDomainReceived": 1619705751.6864576, "end": 1619705751.7325757}