{"start": 1619705862.533146, "announcementReceived": 1619705887.2881334, "BidIPsent": 1619705895.2962048, "winnerDomainReceived": 1619705911.5624204, "end": 1619705911.6084018}