{"start": 1619706051.2846572, "announcementReceived": 1619706084.8642843, "BidIPsent": 1619706092.871938, "winnerDomainReceived": 1619706096.7739165, "end": 1619706096.807992}