{"start": 1619706383.2530293, "announcementReceived": 1619706411.9163418, "BidIPsent": 1619706419.9244237, "winnerDomainReceived": 1619706420.0104127, "end": 1619706420.032283}