{"start": 1619707065.7173665, "announcementReceived": 1619707088.0364816, "BidIPsent": 1619707098.0465615, "winnerDomainReceived": 1619707102.9451313, "end": 1619707102.9801927}