{"start": 1619707207.4767704, "announcementReceived": 1619707240.6165955, "BidIPsent": 1619707250.62389, "winnerDomainReceived": 1619707255.4548726, "end": 1619707255.4964418}