{"start": 1619707436.7085996, "announcementReceived": 1619707483.0637863, "BidIPsent": 1619707493.0738876, "winnerDomainReceived": 1619707499.085784, "end": 1619707499.132076}