{"start": 1619707709.0684886, "announcementReceived": 1619707787.7475843, "BidIPsent": 1619707797.7558827, "winnerDomainReceived": 1619707797.8497882, "end": 1619707797.8957074}