{"start": 1619703326.0290427, "federation_start": 1619703349.953682, "BidProviderChosen": 1619703372.59623, "RobotConnecting": 1619703390.8775892, "robot_migration": 1619703390.8779702, "robot_connected": 1619703395.1878295, "end": 1619703395.6979885}