{"start": 1619705506.6912382, "federation_start": 1619705536.5511668, "BidProviderChosen": 1619705550.4533935, "RobotConnecting": 1619705560.9174237, "robot_migration": 1619705560.9176173, "robot_connected": 1619705564.0058181, "end": 1619705564.3065314}