{"start": 1619705864.8780046, "federation_start": 1619705880.220321, "BidProviderChosen": 1619705894.9907165, "RobotConnecting": 1619705922.4561367, "robot_migration": 1619705922.4565113, "robot_connected": 1619705925.7916617, "end": 1619705925.9004304}