{"start": 1619706053.9306006, "federation_start": 1619706074.9261327, "BidProviderChosen": 1619706089.9633553, "RobotConnecting": 1619706112.0174448, "robot_migration": 1619706112.0178142, "robot_connected": 1619706115.2886355, "end": 1619706115.3059926}