{"start": 1619706389.3890908, "federation_start": 1619706408.4979427, "BidProviderChosen": 1619706413.2287834, "RobotConnecting": 1619706430.592902, "robot_migration": 1619706430.5931213, "robot_connected": 1619706433.8837686, "end": 1619706434.278021}