{"start": 1619707070.0970552, "federation_start": 1619707086.6278832, "BidProviderChosen": 1619707091.2999692, "RobotConnecting": 1619707120.0172389, "robot_migration": 1619707120.0177224, "robot_connected": 1619707126.3323758, "end": 1619707126.6730342}