{"start": 1619707209.2781804, "federation_start": 1619707232.8987844, "BidProviderChosen": 1619707250.8073742, "RobotConnecting": 1619707264.6924632, "robot_migration": 1619707264.692699, "robot_connected": 1619707267.8074088, "end": 1619707268.8090105}