{"start": 1619707446.3265617, "federation_start": 1619707478.012712, "BidProviderChosen": 1619707488.1589463, "RobotConnecting": 1619707506.2976053, "robot_migration": 1619707506.2979717, "robot_connected": 1619707517.9619288, "end": 1619707518.9632664}