{"start": 1619707713.029566, "federation_start": 1619707777.8528168, "BidProviderChosen": 1619707793.654611, "RobotConnecting": 1619707811.8526533, "robot_migration": 1619707811.8529088, "robot_connected": 1619707825.7143152, "end": 1619707826.7159188}