{"start": 1619701408.5544322, "announcementReceived": 1619701514.0304542, "BidIPsent": 1619701516.0318928, "winnerDomainReceived": 1619701517.012391, "end": 1619701517.0252874}