{"start": 1619701708.4216952, "announcementReceived": 1619701784.0249493, "BidIPsent": 1619701786.027031, "winnerDomainReceived": 1619701788.0975091, "end": 1619701788.1104887}