{"start": 1619702044.3979633, "announcementReceived": 1619702089.0263524, "BidIPsent": 1619702091.0284488, "winnerDomainReceived": 1619702093.0106926, "end": 1619702093.0225105}