{"start": 1619702255.08813, "announcementReceived": 1619702285.026795, "BidIPsent": 1619702287.0288794, "winnerDomainReceived": 1619702289.0121603, "end": 1619702289.024868}