{"start": 1619702449.539433, "announcementReceived": 1619702483.0263383, "BidIPsent": 1619702485.0278788, "winnerDomainReceived": 1619702486.0120814, "end": 1619702486.0243316}