{"start": 1619702646.733654, "announcementReceived": 1619702678.0292609, "BidIPsent": 1619702680.0313375, "winnerDomainReceived": 1619702681.0159645, "end": 1619702681.0280533}