{"start": 1619535580.9670749, "announcementReceived": 1619535652.0229185, "BidIPsent": 1619535654.024991, "winnerDomainReceived": 1619535656.0154562, "end": 1619535656.029903}