{"start": 1619536480.323824, "announcementReceived": 1619536532.0310106, "BidIPsent": 1619536534.0330884, "winnerDomainReceived": 1619536536.610586, "end": 1619536536.6234946}