{"start": 1620231546.5228534, "federation_start": 1620231575.0838885, "BidProviderChosen": 1620231579.1469538, "BidSrcIPadded": 1620231582.6736207, "RobotConnecting": 1620231590.0893004, "robot_migration": 1620231590.0896842, "robot_connected": 1620231594.186419, "end": 1620231594.2863274}