{"start": 1620231687.7460082, "federation_start": 1620231710.5950446, "BidProviderChosen": 1620231715.1629634, "BidSrcIPadded": 1620231718.4551845, "RobotConnecting": 1620231726.5038774, "robot_migration": 1620231726.5041707, "robot_connected": 1620231729.58059, "end": 1620231729.7893298}