{"start": 1620231813.8341768, "federation_start": 1620231835.8755336, "BidProviderChosen": 1620231839.9425242, "BidSrcIPadded": 1620231843.587515, "RobotConnecting": 1620231852.0541093, "robot_migration": 1620231852.0544353, "robot_connected": 1620231856.1461914, "end": 1620231856.151303}