{"start": 1620231943.134066, "federation_start": 1620231997.331433, "BidProviderChosen": 1620232000.895606, "BidSrcIPadded": 1620232004.796632, "RobotConnecting": 1620232012.6239653, "robot_migration": 1620232012.6242473, "robot_connected": 1620232019.7776778, "end": 1620232020.629829}