{"start": 1620232125.8646567, "federation_start": 1620232151.87486, "BidProviderChosen": 1620232155.9373133, "BidSrcIPadded": 1620232159.967138, "RobotConnecting": 1620232167.59316, "robot_migration": 1620232167.5933943, "robot_connected": 1620232171.6769633, "end": 1620232172.2881498}