{"start": 1620232269.4086998, "federation_start": 1620232289.0047143, "BidProviderChosen": 1620232292.5594676, "BidSrcIPadded": 1620232296.46778, "RobotConnecting": 1620232304.6146302, "robot_migration": 1620232304.6150014, "robot_connected": 1620232308.700925, "end": 1620232309.2465699}