{"start": 1620232423.7604082, "federation_start": 1620232442.580917, "BidProviderChosen": 1620232446.6471622, "BidSrcIPadded": 1620232450.1985614, "RobotConnecting": 1620232459.0964105, "robot_migration": 1620232459.0966518, "robot_connected": 1620232463.1753657, "end": 1620232463.2646878}