{"start": 1620232546.4931026, "federation_start": 1620232573.2754898, "BidProviderChosen": 1620232577.3389702, "BidSrcIPadded": 1620232581.0791383, "RobotConnecting": 1620232588.4954398, "robot_migration": 1620232588.495856, "robot_connected": 1620232592.6149318, "end": 1620232593.4461691}