{"start": 1620232667.6723354, "federation_start": 1620232685.7273207, "BidProviderChosen": 1620232689.7948349, "BidSrcIPadded": 1620232693.3985183, "RobotConnecting": 1620232701.348449, "robot_migration": 1620232701.3486466, "robot_connected": 1620232708.4532163, "end": 1620232708.5068495}