{"start": 1620232781.5528815, "federation_start": 1620232797.7592893, "BidProviderChosen": 1620232802.3284066, "BidSrcIPadded": 1620232807.1991837, "RobotConnecting": 1620232814.928184, "robot_migration": 1620232814.9284258, "robot_connected": 1620232819.01426, "end": 1620232819.5489547}