{"start": 1620231529.0289688, "announcementReceived1": 1620231574.979902, "BidIPsent": 1620231576.691256, "winnerDomainReceived": 1620231581.2307212, "deployFedService": 1620231582.7630794, "net_deploy": 1620231582.781051, "net_add": 1620231582.781261, "container_deploy": 1620231583.8187237, "on_board_ap2.json": 1620231584.8494306, "configure_ap2.json": 1620231585.2137, "start_ap2.json": 1620231586.258428, "info_ap2.json": 1620231588.4924383, "fedServiceRunning": 1620231588.5403361, "end": 1620231590.3204813}