{"start": 1620231682.1267378, "announcementReceived0": 1620231710.8645437, "BidIPsent": 1620231712.7098882, "winnerDomainReceived": 1620231716.9269905, "deployFedService": 1620231718.459444, "net_deploy": 1620231718.4782796, "net_add": 1620231718.4784772, "container_deploy": 1620231719.5163152, "on_board_ap2.json": 1620231720.542193, "configure_ap2.json": 1620231720.8670228, "start_ap2.json": 1620231721.811193, "info_ap2.json": 1620231724.0357106, "fedServiceRunning": 1620231724.0700629, "end": 1620231726.449387}