{"start": 1620231809.0529716, "announcementReceived1": 1620231836.199966, "BidIPsent": 1620231837.703801, "winnerDomainReceived": 1620231842.1029673, "deployFedService": 1620231843.63634, "net_deploy": 1620231843.6537635, "net_add": 1620231843.6539304, "container_deploy": 1620231844.6903129, "on_board_ap2.json": 1620231845.7167397, "configure_ap2.json": 1620231846.0405667, "start_ap2.json": 1620231847.0454056, "info_ap2.json": 1620231849.336948, "fedServiceRunning": 1620231849.4111872, "end": 1620231851.825081}