{"start": 1620231939.1327748, "announcementReceived0": 1620231997.6789055, "BidIPsent": 1620231999.0328753, "winnerDomainReceived": 1620232002.9227953, "deployFedService": 1620232004.961873, "net_deploy": 1620232004.9805186, "net_add": 1620232004.9807403, "container_deploy": 1620232006.0172977, "on_board_ap2.json": 1620232007.0450456, "configure_ap2.json": 1620232007.4296079, "start_ap2.json": 1620232008.35048, "info_ap2.json": 1620232010.569174, "fedServiceRunning": 1620232010.6007547, "end": 1620232012.6129212}