{"start": 1620232121.7216566, "announcementReceived1": 1620232151.9704618, "BidIPsent": 1620232153.8588567, "winnerDomainReceived": 1620232158.2082388, "deployFedService": 1620232160.2487066, "net_deploy": 1620232160.2650673, "net_add": 1620232160.265229, "container_deploy": 1620232161.3037293, "on_board_ap2.json": 1620232162.3300898, "configure_ap2.json": 1620232162.6690462, "start_ap2.json": 1620232163.764232, "info_ap2.json": 1620232166.041072, "fedServiceRunning": 1620232166.093284, "end": 1620232167.4326622}