{"start": 1620232264.2009344, "announcementReceived0": 1620232288.856337, "BidIPsent": 1620232290.750278, "winnerDomainReceived": 1620232294.5919113, "deployFedService": 1620232296.6313245, "net_deploy": 1620232296.6484454, "net_add": 1620232296.648636, "container_deploy": 1620232297.6961684, "on_board_ap2.json": 1620232298.7201538, "configure_ap2.json": 1620232299.0589123, "start_ap2.json": 1620232300.0875351, "info_ap2.json": 1620232302.3002942, "fedServiceRunning": 1620232302.3780267, "end": 1620232304.6085205}