{"start": 1620232417.1318371, "announcementReceived1": 1620232442.8150811, "BidIPsent": 1620232444.4738007, "winnerDomainReceived": 1620232448.1827064, "deployFedService": 1620232450.2224019, "net_deploy": 1620232450.2393696, "net_add": 1620232450.2396069, "container_deploy": 1620232451.286829, "on_board_ap2.json": 1620232452.3126974, "configure_ap2.json": 1620232452.7197342, "start_ap2.json": 1620232453.6933954, "info_ap2.json": 1620232455.9671845, "fedServiceRunning": 1620232456.041117, "end": 1620232458.836344}