{"start": 1620232540.6767635, "announcementReceived0": 1620232573.3973722, "BidIPsent": 1620232575.3421826, "winnerDomainReceived": 1620232579.093024, "deployFedService": 1620232580.6278906, "net_deploy": 1620232580.6453562, "net_add": 1620232580.6455388, "container_deploy": 1620232581.6960125, "on_board_ap2.json": 1620232582.7237642, "configure_ap2.json": 1620232583.075295, "start_ap2.json": 1620232584.0834928, "info_ap2.json": 1620232586.3010278, "fedServiceRunning": 1620232586.3795667, "end": 1620232588.4881577}