{"start": 1620232662.6905556, "announcementReceived1": 1620232685.8362865, "BidIPsent": 1620232687.6336055, "winnerDomainReceived": 1620232691.5577238, "deployFedService": 1620232693.598083, "net_deploy": 1620232693.6142592, "net_add": 1620232693.6144593, "container_deploy": 1620232694.6579716, "on_board_ap2.json": 1620232695.6846774, "configure_ap2.json": 1620232696.0394893, "start_ap2.json": 1620232697.1355288, "info_ap2.json": 1620232699.4617507, "fedServiceRunning": 1620232699.4951122, "end": 1620232701.5238469}