{"start": 1620232776.8204875, "announcementReceived0": 1620232797.918659, "BidIPsent": 1620232799.719451, "winnerDomainReceived": 1620232805.3809342, "deployFedService": 1620232807.4204814, "net_deploy": 1620232807.4372745, "net_add": 1620232807.4374444, "container_deploy": 1620232808.4895606, "on_board_ap2.json": 1620232809.5170598, "configure_ap2.json": 1620232809.9234638, "start_ap2.json": 1620232810.938896, "info_ap2.json": 1620232813.1299503, "fedServiceRunning": 1620232813.2379951, "end": 1620232815.0036993}