{"start": 1620224940.10978, "federation_start": 1620224961.73537, "BidProviderChosen0": 1620224971.1201615, "BidSrcIPadded0": 1620224976.1046863, "RobotConnecting": 1620224986.5948164, "robot_migration": 1620224986.595592, "robot_connected": 1620224994.7316093, "end": 1620224995.2653303}