{"start": 1620225119.5348227, "federation_start": 1620225136.0369613, "BidProviderChosen1": 1620225144.811402, "BidSrcIPadded1": 1620225147.1291196, "RobotConnecting": 1620225159.327207, "robot_migration": 1620225159.3279896, "robot_connected": 1620225163.4488418, "end": 1620225163.4525173}