{"start": 1620225313.0137134, "federation_start": 1620225332.5801218, "BidProviderChosen0": 1620225342.0923595, "BidSrcIPadded0": 1620225348.4186466, "RobotConnecting": 1620225358.950602, "robot_migration": 1620225358.9514916, "robot_connected": 1620225363.0706887, "end": 1620225363.805968}