{"start": 1620225664.7265553, "federation_start": 1620225704.6896863, "BidProviderChosen1": 1620225713.1589396, "BidSrcIPadded1": 1620225715.965255, "RobotConnecting": 1620225727.8868346, "robot_migration": 1620225727.8876383, "robot_connected": 1620225732.0484607, "end": 1620225732.6876984}