{"start": 1620226361.336306, "federation_start": 1620226374.0633414, "BidProviderChosen1": 1620226383.1167963, "BidSrcIPadded1": 1620226385.316299, "RobotConnecting": 1620226400.579858, "robot_migration": 1620226400.5806053, "robot_connected": 1620226409.1599178, "end": 1620226409.3529685}