{"start": 1620230546.6173315, "federation_start": 1620230607.0628324, "BidProviderChosen1": 1620230616.8517926, "BidSrcIPadded1": 1620230619.721655, "RobotConnecting": 1620230630.923333, "robot_migration": 1620230630.924101, "robot_connected": 1620230634.9841654, "end": 1620230635.5911725}