{"start": 1620230932.1279955, "federation_start": 1620230954.4480352, "BidProviderChosen0": 1620230969.4176137, "BidSrcIPadded0": 1620230973.0460734, "RobotConnecting": 1620230986.906947, "robot_migration": 1620230986.9077694, "robot_connected": 1620230991.0048933, "end": 1620230991.2960303}