{"start": 1620231087.6972048, "federation_start": 1620231103.3837233, "BidProviderChosen1": 1620231114.799872, "BidSrcIPadded1": 1620231118.365837, "RobotConnecting": 1620231130.404778, "robot_migration": 1620231130.4056735, "robot_connected": 1620231134.4890592, "end": 1620231134.5454571}