{"start": 1620231219.1895034, "federation_start": 1620231239.2311845, "BidProviderChosen0": 1620231247.9780123, "BidSrcIPadded0": 1620231251.547342, "RobotConnecting": 1620231263.5153563, "robot_migration": 1620231263.516153, "robot_connected": 1620231270.6486452, "end": 1620231271.0680506}