{"start": 1620231347.50201, "federation_start": 1620231365.272408, "BidProviderChosen1": 1620231376.969686, "BidSrcIPadded1": 1620231379.5305214, "RobotConnecting": 1620231389.8495617, "robot_migration": 1620231389.8501112, "robot_connected": 1620231393.9249816, "end": 1620231394.5302794}