{"start": 1619701423.6369662, "federation_start": 1619701512.4573243, "BidProviderChosen": 1619701516.0117004, "RobotConnecting": 1619701524.0222697, "robot_migration": 1619701524.0224564, "robot_connected": 1619701528.120076, "end": 1619701528.9491181}