{"start": 1619701715.7577615, "federation_start": 1619701782.1930292, "BidProviderChosen": 1619701786.0150392, "RobotConnecting": 1619701796.0177734, "robot_migration": 1619701796.0179358, "robot_connected": 1619701800.0776079, "end": 1619701800.5847063}