{"start": 1619702052.6345255, "federation_start": 1619702087.421365, "BidProviderChosen": 1619702091.0223732, "RobotConnecting": 1619702100.0207522, "robot_migration": 1619702100.020931, "robot_connected": 1619702104.1144738, "end": 1619702104.7901943}