{"start": 1619702256.8594773, "federation_start": 1619702283.068855, "BidProviderChosen": 1619702287.0168233, "RobotConnecting": 1619702296.013837, "robot_migration": 1619702296.0139983, "robot_connected": 1619702303.1380067, "end": 1619702303.13956}