{"start": 1619702451.3752947, "federation_start": 1619702481.9387343, "BidProviderChosen": 1619702485.0115337, "RobotConnecting": 1619702493.0207145, "robot_migration": 1619702493.0209157, "robot_connected": 1619702497.124271, "end": 1619702497.700261}