{"start": 1619702648.9467392, "federation_start": 1619702676.4941847, "BidProviderChosen": 1619702680.0138526, "RobotConnecting": 1619702688.0223286, "robot_migration": 1619702688.0225067, "robot_connected": 1619702692.1161704, "end": 1619702692.7693458}