{"start": 1619535594.7216492, "federation_start": 1619535650.5545154, "BidProviderChosen": 1619535654.0206926, "RobotConnecting": 1619535663.356787, "robot_migration": 1619535663.3570092, "robot_connected": 1619535667.4551995, "end": 1619535668.0841565}