{"start": 1619536183.537536, "federation_start": 1619536292.0185695, "BidProviderChosen": 1619536294.0238953, "RobotConnecting": 1619536303.0219347, "robot_migration": 1619536303.0221007, "robot_connected": 1619536307.0846126, "end": 1619536307.2169914}