{"start": 1619536490.5556571, "federation_start": 1619536530.6602724, "BidProviderChosen": 1619536534.0264816, "RobotConnecting": 1619536543.0212882, "robot_migration": 1619536543.021508, "robot_connected": 1619536547.0844698, "end": 1619536548.085682}